flight_id,received_at,rssi,SYS,SRC,SEQ,St,ALT,Max,G,Pg,T,Batt,MET,Vel,Gmx,Gmn,Wmx,Gyx,Gyy,Gyz,Mgx,Mgy,Mgz
2026-08-25-F2,2026-08-25T21:24:41.532Z,-84,7,1,192,1,-32,-32,3.0,3.0,31.0,4.13,1,83.0,3.9,3.0,214.2,,,,,,
2026-08-25-F2,2026-08-25T21:24:41.615Z,-77,7,1,193,1,-22,-22,2.9,3.0,31.0,4.13,1,90.6,2.9,2.9,232.3,,,,,,
2026-08-25-F2,2026-08-25T21:24:41.718Z,-72,7,1,194,1,-11,-11,2.8,3.0,31.0,4.12,1,98.4,2.9,2.8,237.4,,,,,,
2026-08-25-F2,2026-08-25T21:24:41.821Z,-70,7,1,195,1,2,2,2.7,3.0,31.0,4.12,1,108.0,2.7,2.7,254.9,,,,,,
2026-08-25-F2,2026-08-25T21:24:41.923Z,-72,7,1,196,1,14,14,2.5,3.0,31.0,4.12,1,114.7,2.7,2.5,263.9,,,,,,
2026-08-25-F2,2026-08-25T21:24:42.026Z,-69,7,1,197,1,28,28,2.5,3.0,31.0,4.12,1,121.1,2.5,2.5,281.0,,,,,,
2026-08-25-F2,2026-08-25T21:24:42.129Z,-72,7,1,198,1,42,42,2.4,3.0,31.0,4.12,1,129.2,2.4,2.4,292.4,,,,,,
2026-08-25-F2,2026-08-25T21:24:42.231Z,-76,7,1,199,1,56,56,2.3,3.0,31.0,4.12,1,134.2,2.4,2.3,310.1,,,,,,
2026-08-25-F2,2026-08-25T21:24:42.335Z,-82,7,1,200,1,72,72,2.3,3.0,31.0,4.12,1,141.4,2.3,2.2,323.3,,,,,,
2026-08-25-F2,2026-08-25T21:24:42.438Z,-83,7,1,201,1,87,87,2.2,3.0,31.0,4.12,1,146.1,2.2,2.2,333.7,,,,,,
2026-08-25-F2,2026-08-25T21:24:42.542Z,-79,7,1,202,1,103,103,2.1,3.0,31.0,4.12,2,150.0,2.1,2.1,343.4,,,,,,
2026-08-25-F2,2026-08-25T21:24:42.645Z,-84,7,1,203,1,120,120,2.1,3.0,31.0,4.12,2,157.5,2.2,2.1,359.2,,,,,,
2026-08-25-F2,2026-08-25T21:24:42.747Z,-91,7,1,204,1,137,137,2.0,3.0,31.0,4.12,2,162.4,2.0,2.0,367.9,,,,,,
2026-08-25-F2,2026-08-25T21:24:42.851Z,-83,7,1,205,1,154,154,1.9,3.0,31.0,4.12,2,165.7,2.0,1.9,376.1,,,,,,
2026-08-25-F2,2026-08-25T21:24:42.953Z,-79,7,1,206,1,172,172,1.9,3.0,31.0,4.12,2,169.5,1.9,1.8,383.5,,,,,,
2026-08-25-F2,2026-08-25T21:24:43.056Z,-80,7,1,207,1,189,189,1.8,3.0,31.0,4.12,2,171.1,1.9,1.8,386.7,,,,,,
2026-08-25-F2,2026-08-25T21:24:43.145Z,-81,7,1,208,1,207,207,1.8,3.0,31.0,4.12,2,176.0,1.8,1.8,398.1,,,,,,
2026-08-25-F2,2026-08-25T21:24:43.248Z,-84,7,1,209,1,226,226,1.8,3.0,31.0,4.12,2,178.8,1.8,1.8,393.6,,,,,,
2026-08-25-F2,2026-08-25T21:24:43.351Z,-86,7,1,210,1,244,244,1.7,3.0,31.0,4.12,2,181.7,1.7,1.6,415.7,,,,,,
2026-08-25-F2,2026-08-25T21:24:43.454Z,-86,7,1,211,1,264,264,1.2,3.0,31.0,4.12,2,185.7,1.2,1.0,427.7,,,,,,
2026-08-25-F2,2026-08-25T21:24:43.557Z,-88,7,1,212,1,282,282,1.4,3.0,31.0,4.12,3,184.9,1.4,1.3,428.4,,,,,,
2026-08-25-F2,2026-08-25T21:24:43.661Z,-94,7,1,213,1,299,299,1.5,3.0,31.0,4.12,3,180.6,1.5,1.4,421.9,,,,,,
2026-08-25-F2,2026-08-25T21:24:43.763Z,-90,7,1,214,1,316,316,1.3,3.0,31.0,4.12,3,175.6,1.3,1.3,405.1,,,,,,
2026-08-25-F2,2026-08-25T21:24:43.867Z,-86,7,1,215,1,333,333,1.3,3.0,31.0,4.12,3,172.1,1.4,1.3,397.2,,,,,,
2026-08-25-F2,2026-08-25T21:24:43.950Z,-83,7,1,216,1,348,348,1.3,3.0,31.0,4.12,3,166.8,1.3,1.3,389.3,,,,,,
2026-08-25-F2,2026-08-25T21:24:44.053Z,-83,7,1,217,1,364,364,1.3,3.0,31.0,4.12,3,161.6,1.3,1.3,374.4,,,,,,
2026-08-25-F2,2026-08-25T21:24:44.155Z,-87,7,1,218,1,378,378,1.1,3.0,31.0,4.12,3,155.1,1.2,1.1,371.4,,,,,,
2026-08-25-F2,2026-08-25T21:24:44.259Z,-88,7,1,219,1,392,392,1.3,3.0,31.0,4.12,3,149.5,1.3,1.3,360.5,,,,,,
2026-08-25-F2,2026-08-25T21:24:44.362Z,-89,7,1,220,1,406,406,1.2,3.0,31.0,4.12,3,146.5,1.3,1.2,349.2,,,,,,
2026-08-25-F2,2026-08-25T21:24:44.465Z,-89,7,1,221,1,419,419,1.1,3.0,31.0,4.12,3,141.4,1.1,1.1,342.8,,,,,,
2026-08-25-F2,2026-08-25T21:24:44.568Z,-92,7,1,222,1,432,432,1.1,3.0,31.0,4.12,4,136.7,1.1,1.1,335.9,,,,,,
2026-08-25-F2,2026-08-25T21:24:44.774Z,-92,7,1,224,1,457,457,1.2,3.0,31.0,4.12,4,127.8,1.2,1.1,314.8,,,,,,
2026-08-25-F2,2026-08-25T21:24:44.877Z,-88,7,1,225,1,469,469,1.1,3.0,31.0,4.12,4,123.8,1.1,1.0,309.5,,,,,,
2026-08-25-F2,2026-08-25T21:24:44.980Z,-86,7,1,226,1,480,480,1.0,3.0,31.0,4.12,4,119.7,1.0,1.0,306.9,,,,,,
2026-08-25-F2,2026-08-25T21:24:45.063Z,-86,7,1,227,1,491,491,1.0,3.0,31.0,4.12,4,115.8,1.1,1.0,298.4,,,,,,
2026-08-25-F2,2026-08-25T21:24:45.165Z,-86,7,1,228,1,502,502,1.0,3.0,31.0,4.12,4,112.9,1.0,1.0,285.3,,,,,,
2026-08-25-F2,2026-08-25T21:24:45.274Z,-86,7,1,229,1,512,512,1.0,3.0,31.0,4.12,4,108.1,1.0,1.0,282.0,,,,,,
2026-08-25-F2,2026-08-25T21:24:45.377Z,-86,7,1,230,1,522,522,1.0,3.0,31.0,4.12,4,105.2,1.0,1.0,278.4,,,,,,
2026-08-25-F2,2026-08-25T21:24:45.480Z,-88,7,1,231,1,531,531,1.0,3.0,31.0,4.12,4,101.5,1.1,1.0,270.4,,,,,,
2026-08-25-F2,2026-08-25T21:24:45.583Z,-91,7,1,232,1,540,540,1.0,3.0,31.0,4.12,5,98.6,1.0,0.9,256.1,,,,,,
2026-08-25-F2,2026-08-25T21:24:45.686Z,-93,7,1,233,1,550,550,0.9,3.0,31.0,4.12,5,95.8,1.0,0.9,252.5,,,,,,
2026-08-25-F2,2026-08-25T21:24:45.769Z,-95,7,1,234,1,558,558,1.0,3.0,31.0,4.12,5,91.1,1.0,0.9,247.4,,,,,,
2026-08-25-F2,2026-08-25T21:24:45.872Z,-96,7,1,235,1,566,566,0.9,3.0,31.0,4.12,5,86.4,1.0,0.9,245.2,,,,,,
2026-08-25-F2,2026-08-25T21:24:45.975Z,-97,7,1,236,1,573,573,0.8,3.0,31.0,4.12,5,82.6,1.0,0.8,237.9,,,,,,
2026-08-25-F2,2026-08-25T21:24:46.077Z,-96,7,1,237,1,581,581,1.0,3.0,31.0,4.12,5,79.4,1.0,1.0,234.4,,,,,,
2026-08-25-F2,2026-08-25T21:24:46.180Z,-91,7,1,238,1,588,588,0.9,3.0,31.0,4.12,5,77.8,1.0,0.9,227.3,,,,,,
2026-08-25-F2,2026-08-25T21:24:46.282Z,-89,7,1,239,1,595,595,0.9,3.0,31.0,4.12,5,73.0,0.9,0.9,219.0,,,,,,
2026-08-25-F2,2026-08-25T21:24:46.385Z,-87,7,1,240,1,601,601,0.9,3.0,31.0,4.12,5,69.5,0.9,0.9,215.9,,,,,,
2026-08-25-F2,2026-08-25T21:24:46.488Z,-86,7,1,241,1,607,607,0.8,3.0,31.0,4.12,5,66.5,0.9,0.8,201.1,,,,,,
2026-08-25-F2,2026-08-25T21:24:46.591Z,-86,7,1,242,1,613,613,0.8,3.0,31.0,4.12,6,63.5,0.8,0.8,198.3,,,,,,
2026-08-25-F2,2026-08-25T21:24:46.694Z,-85,7,1,243,1,618,618,0.9,3.0,31.0,4.12,6,59.6,0.9,0.9,208.4,,,,,,
2026-08-25-F2,2026-08-25T21:24:46.797Z,-83,7,1,244,1,623,623,0.9,3.0,31.0,4.12,6,57.1,0.9,0.9,203.3,,,,,,
2026-08-25-F2,2026-08-25T21:24:46.879Z,-83,7,1,245,1,628,628,0.9,3.0,31.0,4.12,6,54.3,0.9,0.9,193.8,,,,,,
2026-08-25-F2,2026-08-25T21:24:46.982Z,-82,7,1,246,1,632,632,0.9,3.0,31.0,4.12,6,48.2,1.0,0.9,188.7,,,,,,
2026-08-25-F2,2026-08-25T21:24:47.085Z,-82,7,1,247,1,636,636,0.9,3.0,30.9,4.12,6,45.1,1.0,0.9,183.9,,,,,,
2026-08-25-F2,2026-08-25T21:24:47.188Z,-83,7,1,248,1,641,641,0.8,3.0,31.0,4.12,6,46.1,0.9,0.8,185.3,,,,,,
2026-08-25-F2,2026-08-25T21:24:47.290Z,-84,7,1,249,1,644,644,0.9,3.0,31.0,4.12,6,41.9,0.9,0.8,175.3,,,,,,
2026-08-25-F2,2026-08-25T21:24:47.393Z,-85,7,1,250,1,648,648,0.9,3.0,31.0,4.12,6,38.2,0.9,0.9,171.2,,,,,,
2026-08-25-F2,2026-08-25T21:24:47.496Z,-84,7,1,251,1,651,651,1.0,3.0,31.0,4.12,6,34.9,1.0,0.9,161.9,,,,,,
2026-08-25-F2,2026-08-25T21:24:47.599Z,-83,7,1,252,1,653,653,0.9,3.0,31.0,4.12,7,31.9,0.9,0.9,160.3,,,,,,
2026-08-25-F2,2026-08-25T21:24:47.702Z,-85,7,1,253,1,655,655,0.9,3.0,31.0,4.12,7,28.0,0.9,0.8,154.1,,,,,,
2026-08-25-F2,2026-08-25T21:24:47.804Z,-84,7,1,254,1,658,658,0.8,3.0,30.9,4.12,7,26.2,0.8,0.8,152.5,,,,,,
2026-08-25-F2,2026-08-25T21:24:47.907Z,-87,7,1,255,1,659,659,0.8,3.0,30.9,4.12,7,23.2,0.8,0.8,152.1,,,,,,
2026-08-25-F2,2026-08-25T21:24:47.990Z,-85,7,1,256,1,661,661,0.9,3.0,30.9,4.12,7,19.5,1.0,0.9,152.1,,,,,,
2026-08-25-F2,2026-08-25T21:24:48.036Z,-85,7,1,257,1,662,662,0.8,3.0,30.9,4.12,7,17.0,0.8,0.8,151.2,,,,,,
2026-08-25-F2,2026-08-25T21:24:48.139Z,-84,7,1,258,1,663,663,0.8,3.0,30.9,4.12,7,15.0,0.8,0.8,146.6,,,,,,
2026-08-25-F2,2026-08-25T21:24:48.241Z,-83,7,1,259,1,664,664,0.8,3.0,30.9,4.12,7,12.6,0.8,0.8,151.9,,,,,,
2026-08-25-F2,2026-08-25T21:24:48.344Z,-81,7,1,260,1,664,664,0.9,3.0,30.9,4.12,7,9.2,0.9,0.8,149.5,,,,,,
2026-08-25-F2,2026-08-25T21:24:48.446Z,-81,7,1,261,1,664,664,0.9,3.0,30.9,4.12,7,6.2,0.9,0.8,144.1,,,,,,
2026-08-25-F2,2026-08-25T21:24:48.532Z,-80,7,1,262,1,664,664,0.9,3.0,30.9,4.12,8,2.7,0.9,0.8,142.7,,,,,,
2026-08-25-F2,2026-08-25T21:24:48.635Z,-79,7,1,263,1,663,664,0.7,3.0,30.9,4.13,8,-0.4,0.8,0.7,142.6,,,,,,
2026-08-25-F2,2026-08-25T21:24:48.737Z,-78,7,1,264,1,526,664,0.9,3.0,30.9,4.12,8,-403.9,0.9,0.9,187.4,,,,,,
2026-08-25-F2,2026-08-25T21:24:48.839Z,-81,7,1,265,1,589,664,2.2,3.0,31.0,4.12,8,-37.6,2.2,1.4,412.9,,,,,,
2026-08-25-F2,2026-08-25T21:24:48.942Z,-78,7,1,266,1,623,664,3.1,3.6,31.0,4.12,8,97.7,3.6,3.1,245.4,,,,,,
2026-08-25-F2,2026-08-25T21:24:49.044Z,-78,7,1,267,2,639,664,5.9,5.9,31.0,4.12,8,117.3,5.9,5.6,530.5,,,,,,
2026-08-25-F2,2026-08-25T21:24:49.147Z,-80,7,1,268,2,648,664,5.2,6.6,31.0,4.12,8,106.2,6.6,5.2,1732.9,,,,,,
2026-08-25-F2,2026-08-25T21:24:49.250Z,-77,7,1,269,2,650,664,3.0,6.6,31.0,4.12,8,76.8,4.3,3.0,2298.7,,,,,,
2026-08-25-F2,2026-08-25T21:24:49.353Z,-78,7,1,270,2,650,664,2.9,6.6,31.0,4.12,8,49.8,2.9,2.4,1985.0,,,,,,
2026-08-25-F2,2026-08-25T21:24:49.455Z,-78,7,1,271,2,650,664,2.7,6.6,31.0,4.12,8,30.9,3.2,2.7,1514.5,,,,,,
2026-08-25-F2,2026-08-25T21:24:49.558Z,-77,7,1,272,2,650,664,3.4,6.6,31.0,4.12,9,18.4,3.4,3.4,1968.3,,,,,,
2026-08-25-F2,2026-08-25T21:24:49.661Z,-79,7,1,273,2,648,664,2.4,6.6,31.0,4.12,9,6.9,2.4,1.6,2001.9,,,,,,
2026-08-25-F2,2026-08-25T21:24:49.744Z,-78,7,1,274,2,647,664,2.0,6.6,31.0,4.12,9,-1.8,2.5,2.0,1526.3,,,,,,
2026-08-25-F2,2026-08-25T21:24:49.847Z,-84,7,1,275,2,645,664,2.0,6.6,31.0,4.12,9,-7.4,2.0,1.5,1590.0,,,,,,
2026-08-25-F2,2026-08-25T21:24:49.950Z,-82,7,1,276,2,643,664,2.4,6.6,31.0,4.12,9,-10.5,2.7,2.4,1696.0,,,,,,
2026-08-25-F2,2026-08-25T21:24:50.053Z,-85,7,1,277,2,642,664,2.0,6.6,31.0,4.12,9,-11.8,2.0,1.1,1691.3,,,,,,
2026-08-25-F2,2026-08-25T21:24:50.156Z,-85,7,1,278,2,640,664,2.3,6.6,31.0,4.12,9,-15.8,2.4,2.3,1411.6,,,,,,
2026-08-25-F2,2026-08-25T21:24:50.259Z,-79,7,1,279,2,638,664,2.1,6.6,31.0,4.12,9,-15.6,2.1,1.6,1500.2,,,,,,
2026-08-25-F2,2026-08-25T21:24:50.361Z,-82,7,1,280,2,636,664,1.6,6.6,31.0,4.12,9,-17.2,2.2,1.6,1528.1,,,,,,
2026-08-25-F2,2026-08-25T21:24:50.464Z,-80,7,1,281,2,635,664,1.9,6.6,31.0,4.12,9,-15.6,1.9,1.7,1374.9,,,,,,
2026-08-25-F2,2026-08-25T21:24:50.566Z,-83,7,1,282,2,634,664,1.4,6.6,30.9,4.12,10,-14.7,1.9,1.4,1322.9,,,,,,
2026-08-25-F2,2026-08-25T21:24:50.669Z,-91,7,1,283,2,632,664,2.2,6.6,31.0,4.12,10,-16.7,2.2,1.8,1163.0,,,,,,
2026-08-25-F2,2026-08-25T21:24:50.772Z,-84,7,1,284,2,630,664,1.3,6.6,31.0,4.12,10,-15.8,2.0,1.3,1295.5,,,,,,
2026-08-25-F2,2026-08-25T21:24:50.875Z,-81,7,1,285,2,628,664,1.9,6.6,31.0,4.12,10,-17.1,1.9,1.4,1151.3,,,,,,
2026-08-25-F2,2026-08-25T21:24:50.957Z,-83,7,1,286,2,626,664,1.7,6.6,30.9,4.12,10,-17.4,1.7,1.7,993.7,,,,,,
2026-08-25-F2,2026-08-25T21:24:51.061Z,-82,7,1,287,2,625,664,1.5,6.6,30.9,4.12,10,-17.5,1.5,1.4,968.2,,,,,,
2026-08-25-F2,2026-08-25T21:24:51.163Z,-83,7,1,288,2,622,664,1.3,6.6,30.9,4.12,10,-18.7,1.6,1.3,636.7,,,,,,
2026-08-25-F2,2026-08-25T21:24:51.267Z,-85,7,1,289,2,621,664,1.2,6.6,30.9,4.12,10,-17.2,1.3,1.2,425.7,,,,,,
2026-08-25-F2,2026-08-25T21:24:51.369Z,-88,7,1,290,2,620,664,1.3,6.6,30.9,4.12,10,-16.2,1.3,1.1,301.9,,,,,,
2026-08-25-F2,2026-08-25T21:24:51.472Z,-92,7,1,291,2,618,664,1.2,6.6,30.9,4.12,10,-15.0,1.3,1.2,278.4,,,,,,
2026-08-25-F2,2026-08-25T21:24:51.575Z,-89,7,1,292,2,616,664,1.5,6.6,30.9,4.12,11,-15.9,1.5,1.3,479.4,,,,,,
2026-08-25-F2,2026-08-25T21:24:51.679Z,-85,7,1,293,2,614,664,1.5,6.6,30.9,4.12,11,-17.5,1.6,1.5,482.2,,,,,,
2026-08-25-F2,2026-08-25T21:24:51.782Z,-80,7,1,294,2,613,664,1.4,6.6,30.9,4.12,11,-17.5,1.4,1.4,582.4,,,,,,
2026-08-25-F2,2026-08-25T21:24:51.867Z,-79,7,1,295,2,611,664,1.8,6.6,30.9,4.12,11,-18.1,1.8,1.6,789.9,,,,,,
2026-08-25-F2,2026-08-25T21:24:51.970Z,-79,7,1,296,2,608,664,1.8,6.6,30.9,4.12,11,-20.6,1.8,1.8,738.8,,,,,,
2026-08-25-F2,2026-08-25T21:24:52.072Z,-81,7,1,297,2,606,664,1.4,6.6,30.9,4.12,11,-19.9,1.6,1.4,516.5,,,,,,
2026-08-25-F2,2026-08-25T21:24:52.175Z,-86,7,1,298,2,604,664,1.2,6.6,30.9,4.12,11,-20.5,1.4,1.2,824.7,,,,,,
2026-08-25-F2,2026-08-25T21:24:52.277Z,-82,7,1,299,2,602,664,1.8,6.6,30.9,4.12,11,-21.4,1.8,1.6,912.9,,,,,,
2026-08-25-F2,2026-08-25T21:24:52.380Z,-79,7,1,300,2,600,664,1.7,6.6,30.9,4.12,11,-19.4,2.0,1.7,770.7,,,,,,
2026-08-25-F2,2026-08-25T21:24:52.482Z,-77,7,1,301,2,598,664,1.9,6.6,30.9,4.12,11,-19.6,1.9,1.6,696.7,,,,,,
2026-08-25-F2,2026-08-25T21:24:52.584Z,-77,7,1,302,2,596,664,1.9,6.6,30.9,4.12,12,-19.8,2.0,1.9,530.2,,,,,,
2026-08-25-F2,2026-08-25T21:24:52.688Z,-77,7,1,303,2,594,664,1.5,6.6,30.9,4.12,12,-20.4,1.6,1.5,240.3,,,,,,
2026-08-25-F2,2026-08-25T21:24:52.790Z,-76,7,1,304,2,592,664,1.5,6.6,30.9,4.12,12,-21.0,1.5,1.5,118.2,,,,,,
2026-08-25-F2,2026-08-25T21:24:52.893Z,-76,7,1,305,2,590,664,1.8,6.6,30.9,4.12,12,-21.0,1.8,1.5,246.7,,,,,,
2026-08-25-F2,2026-08-25T21:24:52.976Z,-76,7,1,306,2,587,664,1.8,6.6,30.9,4.12,12,-22.8,1.8,1.7,264.6,,,,,,
2026-08-25-F2,2026-08-25T21:24:53.079Z,-77,7,1,307,2,585,664,1.9,6.6,30.9,4.12,12,-22.3,2.0,1.9,217.7,,,,,,
2026-08-25-F2,2026-08-25T21:24:53.181Z,-77,7,1,308,2,583,664,1.2,6.6,30.9,4.12,12,-20.8,1.8,1.2,475.1,,,,,,
2026-08-25-F2,2026-08-25T21:24:53.284Z,-77,7,1,309,2,581,664,1.3,6.6,30.9,4.12,12,-20.3,1.3,1.0,433.4,,,,,,
2026-08-25-F2,2026-08-25T21:24:53.386Z,-78,7,1,310,2,580,664,2.2,6.6,30.9,4.12,12,-19.6,2.2,1.7,245.4,,,,,,
2026-08-25-F2,2026-08-25T21:24:53.489Z,-78,7,1,311,2,577,664,2.6,6.6,30.9,4.12,12,-19.8,2.7,2.6,717.8,,,,,,
2026-08-25-F2,2026-08-25T21:24:53.592Z,-78,7,1,312,2,575,664,1.2,6.6,30.9,4.12,13,-20.7,2.1,1.2,1100.3,,,,,,
2026-08-25-F2,2026-08-25T21:24:53.695Z,-77,7,1,313,2,573,664,2.3,6.6,30.9,4.12,13,-22.7,2.3,1.8,992.9,,,,,,
2026-08-25-F2,2026-08-25T21:24:53.798Z,-76,7,1,314,2,570,664,1.2,6.6,30.9,4.12,13,-22.7,2.1,1.2,1254.2,,,,,,
2026-08-25-F2,2026-08-25T21:24:53.901Z,-76,7,1,315,2,568,664,1.1,6.6,30.9,4.12,13,-22.5,1.1,1.1,1035.0,,,,,,
2026-08-25-F2,2026-08-25T21:24:53.984Z,-77,7,1,316,2,566,664,1.2,6.6,30.9,4.12,13,-21.4,1.2,1.2,691.1,,,,,,
2026-08-25-F2,2026-08-25T21:24:54.086Z,-76,7,1,317,2,564,664,1.5,6.6,30.9,4.12,13,-20.9,1.5,1.3,511.4,,,,,,
2026-08-25-F2,2026-08-25T21:24:54.189Z,-75,7,1,318,2,562,664,1.2,6.6,30.9,4.12,13,-21.8,1.5,1.2,564.0,,,,,,
2026-08-25-F2,2026-08-25T21:24:54.292Z,-76,7,1,319,2,560,664,1.5,6.6,30.9,4.12,13,-22.2,1.5,1.2,923.5,,,,,,
2026-08-25-F2,2026-08-25T21:24:54.395Z,-82,7,1,320,2,557,664,1.1,6.6,30.9,4.12,13,-22.9,1.3,1.1,1326.4,,,,,,
2026-08-25-F2,2026-08-25T21:24:54.498Z,-78,7,1,321,2,555,664,2.3,6.6,30.9,4.12,13,-21.7,2.3,2.2,1325.7,,,,,,
2026-08-25-F2,2026-08-25T21:24:54.600Z,-76,7,1,322,2,553,664,1.4,6.6,30.9,4.12,14,-21.9,1.7,1.4,986.2,,,,,,
2026-08-25-F2,2026-08-25T21:24:54.704Z,-79,7,1,323,2,551,664,1.7,6.6,30.9,4.12,14,-22.4,1.7,1.0,1255.2,,,,,,
2026-08-25-F2,2026-08-25T21:24:54.806Z,-79,7,1,324,2,548,664,2.2,6.6,30.9,4.12,14,-23.5,2.2,2.2,1135.1,,,,,,
2026-08-25-F2,2026-08-25T21:24:54.909Z,-76,7,1,325,2,545,664,1.5,6.6,30.9,4.12,14,-25.2,1.7,1.5,867.1,,,,,,
2026-08-25-F2,2026-08-25T21:24:54.992Z,-75,7,1,326,2,543,664,1.5,6.6,30.9,4.12,14,-23.9,1.5,1.4,838.0,,,,,,
2026-08-25-F2,2026-08-25T21:24:55.094Z,-76,7,1,327,2,542,664,1.9,6.6,30.9,4.12,14,-20.8,1.9,1.6,812.1,,,,,,
2026-08-25-F2,2026-08-25T21:24:55.201Z,-78,7,1,328,2,540,664,2.4,6.6,30.9,4.12,14,-18.2,2.4,2.1,506.0,,,,,,
2026-08-25-F2,2026-08-25T21:24:55.304Z,-78,7,1,329,2,538,664,2.2,6.6,30.9,4.12,14,-18.3,2.3,2.2,206.7,,,,,,
2026-08-25-F2,2026-08-25T21:24:55.407Z,-77,7,1,330,2,535,664,1.5,6.6,30.9,4.12,14,-22.4,1.7,1.5,324.2,,,,,,
2026-08-25-F2,2026-08-25T21:24:55.509Z,-77,7,1,331,2,533,664,1.4,6.6,30.9,4.12,14,-23.0,1.4,1.4,143.2,,,,,,
2026-08-25-F2,2026-08-25T21:24:55.612Z,-75,7,1,332,2,531,664,1.2,6.6,30.9,4.12,15,-22.8,1.3,1.2,310.4,,,,,,
2026-08-25-F2,2026-08-25T21:24:55.715Z,-76,7,1,333,2,529,664,1.3,6.6,30.9,4.12,15,-22.6,1.3,1.1,316.3,,,,,,
2026-08-25-F2,2026-08-25T21:24:55.797Z,-75,7,1,334,2,527,664,2.3,6.6,30.9,4.12,15,-20.0,2.3,1.5,208.7,,,,,,
2026-08-25-F2,2026-08-25T21:24:55.900Z,-75,7,1,335,2,525,664,2.9,6.6,30.9,4.12,15,-20.6,2.9,2.8,542.3,,,,,,
2026-08-25-F2,2026-08-25T21:24:56.003Z,-76,7,1,336,2,523,664,1.4,6.6,30.9,4.12,15,-21.7,1.9,1.4,1047.6,,,,,,
2026-08-25-F2,2026-08-25T21:24:56.106Z,-80,7,1,337,2,520,664,1.8,6.6,30.9,4.12,15,-24.1,1.8,1.3,1002.5,,,,,,
2026-08-25-F2,2026-08-25T21:24:56.208Z,-80,7,1,338,2,518,664,1.5,6.6,30.9,4.12,15,-22.5,1.8,1.5,1140.1,,,,,,
2026-08-25-F2,2026-08-25T21:24:56.311Z,-76,7,1,339,2,516,664,1.1,6.6,30.9,4.12,15,-20.1,1.1,1.1,1155.3,,,,,,
2026-08-25-F2,2026-08-25T21:24:56.414Z,-75,7,1,340,2,514,664,1.4,6.6,30.9,4.12,15,-20.3,1.4,1.4,790.9,,,,,,
2026-08-25-F2,2026-08-25T21:24:56.516Z,-77,7,1,341,2,512,664,1.4,6.6,30.9,4.12,15,-22.1,1.4,1.4,223.3,,,,,,
2026-08-25-F2,2026-08-25T21:24:56.619Z,-76,7,1,342,2,509,664,1.8,6.6,30.9,4.12,16,-24.9,1.8,1.6,139.7,,,,,,
2026-08-25-F2,2026-08-25T21:24:56.701Z,-77,7,1,343,2,506,664,1.6,6.6,30.9,4.12,16,-25.6,1.7,1.6,299.2,,,,,,
2026-08-25-F2,2026-08-25T21:24:56.805Z,-77,7,1,344,2,503,664,1.4,6.6,30.9,4.12,16,-27.0,1.4,1.4,320.9,,,,,,
2026-08-25-F2,2026-08-25T21:24:56.907Z,-79,7,1,345,2,500,664,1.5,6.6,30.9,4.12,16,-26.8,1.6,1.5,340.5,,,,,,
2026-08-25-F2,2026-08-25T21:24:57.010Z,-79,7,1,346,2,498,664,1.9,6.6,30.9,4.12,16,-25.3,1.9,1.6,586.8,,,,,,
2026-08-25-F2,2026-08-25T21:24:57.113Z,-81,7,1,347,2,496,664,1.8,6.6,30.9,4.12,16,-23.7,1.8,1.7,710.9,,,,,,
2026-08-25-F2,2026-08-25T21:24:57.215Z,-82,7,1,348,2,493,664,1.1,6.6,30.9,4.12,16,-24.4,1.2,1.1,1035.7,,,,,,
2026-08-25-F2,2026-08-25T21:24:57.318Z,-78,7,1,349,2,491,664,1.7,6.6,30.9,4.12,16,-25.7,1.7,1.6,1081.2,,,,,,
2026-08-25-F2,2026-08-25T21:24:57.420Z,-76,7,1,350,2,489,664,1.3,6.6,30.9,4.12,16,-23.3,1.6,1.3,1200.9,,,,,,
2026-08-25-F2,2026-08-25T21:24:57.523Z,-80,7,1,351,2,486,664,2.9,6.6,30.9,4.12,16,-23.3,2.9,1.4,1365.1,,,,,,
2026-08-25-F2,2026-08-25T21:24:57.606Z,-84,7,1,352,2,484,664,1.6,6.6,30.9,4.12,17,-23.5,2.5,1.6,991.9,,,,,,
2026-08-25-F2,2026-08-25T21:24:57.708Z,-83,7,1,353,2,481,664,2.7,6.6,30.9,4.12,17,-25.0,2.7,1.9,892.8,,,,,,
2026-08-25-F2,2026-08-25T21:24:57.811Z,-80,7,1,354,2,479,664,2.0,6.6,30.9,4.12,17,-24.4,2.5,2.0,282.9,,,,,,
2026-08-25-F2,2026-08-25T21:24:57.914Z,-78,7,1,355,2,476,664,1.2,6.6,30.9,4.12,17,-25.0,1.4,1.2,469.8,,,,,,
2026-08-25-F2,2026-08-25T21:24:58.016Z,-76,7,1,356,2,475,664,2.2,6.6,30.9,4.12,17,-21.8,2.2,1.1,483.1,,,,,,
2026-08-25-F2,2026-08-25T21:24:58.118Z,-76,7,1,357,2,473,664,2.4,6.6,30.9,4.12,17,-21.4,2.4,2.4,418.6,,,,,,
2026-08-25-F2,2026-08-25T21:24:58.221Z,-76,7,1,358,2,470,664,1.6,6.6,30.9,4.12,17,-24.3,2.1,1.6,573.4,,,,,,
2026-08-25-F2,2026-08-25T21:24:58.323Z,-75,7,1,359,2,467,664,1.3,6.6,30.9,4.12,17,-25.6,1.4,1.3,491.4,,,,,,
2026-08-25-F2,2026-08-25T21:24:58.426Z,-76,7,1,360,2,465,664,0.9,6.6,30.9,4.12,17,-24.7,1.2,0.9,140.1,,,,,,
2026-08-25-F2,2026-08-25T21:24:58.513Z,-76,7,1,361,2,462,664,1.5,6.6,30.9,4.12,17,-24.2,1.5,1.0,272.7,,,,,,
2026-08-25-F2,2026-08-25T21:24:58.615Z,-74,7,1,362,2,460,664,2.6,6.6,30.9,4.12,18,-23.3,2.7,2.6,207.8,,,,,,
2026-08-25-F2,2026-08-25T21:24:58.718Z,-74,7,1,363,2,458,664,1.8,6.6,30.9,4.12,18,-23.1,2.2,1.8,592.5,,,,,,
2026-08-25-F2,2026-08-25T21:24:58.821Z,-75,7,1,364,2,455,664,2.1,6.6,30.9,4.12,18,-24.5,2.1,1.8,708.0,,,,,,
2026-08-25-F2,2026-08-25T21:24:58.923Z,-77,7,1,365,2,452,664,1.5,6.6,30.9,4.12,18,-26.4,2.0,1.5,923.4,,,,,,
2026-08-25-F2,2026-08-25T21:24:59.025Z,-76,7,1,366,2,450,664,1.2,6.6,30.9,4.12,18,-25.7,1.2,1.1,907.0,,,,,,
2026-08-25-F2,2026-08-25T21:24:59.128Z,-75,7,1,367,2,447,664,2.3,6.6,30.9,4.12,18,-24.9,2.3,1.6,871.9,,,,,,
2026-08-25-F2,2026-08-25T21:24:59.230Z,-80,7,1,368,2,445,664,1.6,6.6,30.8,4.12,18,-22.9,1.6,1.6,1034.7,,,,,,
2026-08-25-F2,2026-08-25T21:24:59.313Z,-85,7,1,369,2,443,664,2.4,6.6,30.8,4.12,18,-24.4,2.4,2.2,751.6,,,,,,
2026-08-25-F2,2026-08-25T21:24:59.415Z,-81,7,1,370,2,440,664,1.3,6.6,30.9,4.12,18,-25.8,2.1,1.3,1027.3,,,,,,
2026-08-25-F2,2026-08-25T21:24:59.517Z,-76,7,1,371,2,438,664,1.2,6.6,30.8,4.12,18,-24.6,1.2,0.9,938.3,,,,,,
2026-08-25-F2,2026-08-25T21:24:59.619Z,-76,7,1,372,2,435,664,1.5,6.6,30.8,4.12,19,-23.5,1.6,1.5,951.5,,,,,,
2026-08-25-F2,2026-08-25T21:24:59.722Z,-78,7,1,373,2,433,664,2.0,6.6,30.8,4.12,19,-23.9,2.0,1.6,873.7,,,,,,
2026-08-25-F2,2026-08-25T21:24:59.825Z,-78,7,1,374,2,431,664,1.9,6.6,30.8,4.12,19,-23.2,1.9,1.8,412.7,,,,,,
2026-08-25-F2,2026-08-25T21:24:59.927Z,-78,7,1,375,2,428,664,1.4,6.6,30.8,4.12,19,-24.4,1.6,1.4,361.1,,,,,,
2026-08-25-F2,2026-08-25T21:25:00.029Z,-79,7,1,376,2,425,664,1.0,6.6,30.8,4.12,19,-26.8,1.2,1.0,207.5,,,,,,
2026-08-25-F2,2026-08-25T21:25:00.132Z,-82,7,1,377,2,423,664,1.4,6.6,30.8,4.12,19,-26.0,1.4,1.1,94.8,,,,,,
2026-08-25-F2,2026-08-25T21:25:00.234Z,-83,7,1,378,2,420,664,2.2,6.6,30.8,4.12,19,-26.1,2.2,1.9,96.2,,,,,,
2026-08-25-F2,2026-08-25T21:25:00.317Z,-82,7,1,379,2,418,664,1.8,6.6,30.8,4.12,19,-24.6,2.2,1.8,183.9,,,,,,
2026-08-25-F2,2026-08-25T21:25:00.419Z,-81,7,1,380,2,415,664,1.3,6.6,30.8,4.12,19,-25.7,1.6,1.3,129.9,,,,,,
2026-08-25-F2,2026-08-25T21:25:00.522Z,-82,7,1,381,2,412,664,1.3,6.6,30.8,4.12,19,-25.9,1.4,1.3,126.7,,,,,,
2026-08-25-F2,2026-08-25T21:25:00.624Z,-84,7,1,382,2,410,664,1.5,6.6,30.8,4.12,20,-24.3,1.5,1.2,179.9,,,,,,
2026-08-25-F2,2026-08-25T21:25:00.727Z,-84,7,1,383,2,409,664,2.5,6.6,30.8,4.12,20,-21.6,2.5,2.4,253.8,,,,,,
2026-08-25-F2,2026-08-25T21:25:00.829Z,-81,7,1,384,2,406,664,1.5,6.6,30.8,4.12,20,-23.2,2.0,1.5,482.5,,,,,,
2026-08-25-F2,2026-08-25T21:25:00.932Z,-78,7,1,385,2,403,664,1.3,6.6,30.8,4.12,20,-24.0,1.3,1.3,438.8,,,,,,
2026-08-25-F2,2026-08-25T21:25:01.034Z,-78,7,1,386,2,401,664,1.4,6.6,30.8,4.12,20,-24.5,1.4,1.3,211.7,,,,,,
2026-08-25-F2,2026-08-25T21:25:01.137Z,-77,7,1,387,2,398,664,1.5,6.6,30.8,4.12,20,-25.3,1.5,1.4,95.7,,,,,,
2026-08-25-F2,2026-08-25T21:25:01.219Z,-77,7,1,388,2,396,664,1.9,6.6,30.8,4.12,20,-24.0,1.9,1.7,186.8,,,,,,
2026-08-25-F2,2026-08-25T21:25:01.322Z,-77,7,1,389,2,393,664,1.8,6.6,30.8,4.12,20,-24.6,1.9,1.8,123.8,,,,,,
2026-08-25-F2,2026-08-25T21:25:01.424Z,-78,7,1,390,2,391,664,1.5,6.6,30.8,4.12,20,-24.1,1.5,1.5,124.4,,,,,,
2026-08-25-F2,2026-08-25T21:25:01.527Z,-77,7,1,391,2,389,664,1.7,6.6,30.8,4.12,20,-23.7,1.7,1.4,131.1,,,,,,
2026-08-25-F2,2026-08-25T21:25:01.629Z,-76,7,1,392,2,387,664,1.6,6.6,30.8,4.12,21,-22.7,2.0,1.6,242.4,,,,,,
2026-08-25-F2,2026-08-25T21:25:01.732Z,-76,7,1,393,2,385,664,1.8,6.6,30.8,4.12,21,-22.3,1.8,1.7,543.4,,,,,,
2026-08-25-F2,2026-08-25T21:25:01.835Z,-75,7,1,394,2,382,664,1.0,6.6,30.8,4.12,21,-24.6,1.6,1.0,880.8,,,,,,
2026-08-25-F2,2026-08-25T21:25:01.937Z,-73,7,1,395,2,379,664,1.8,6.6,30.8,4.12,21,-25.9,1.8,1.1,1052.9,,,,,,
2026-08-25-F2,2026-08-25T21:25:02.040Z,-75,7,1,396,2,376,664,1.8,6.6,30.8,4.12,21,-26.3,1.9,1.8,968.1,,,,,,
2026-08-25-F2,2026-08-25T21:25:02.142Z,-79,7,1,397,2,374,664,1.5,6.6,30.8,4.12,21,-26.8,1.8,1.5,1117.1,,,,,,
2026-08-25-F2,2026-08-25T21:25:02.225Z,-74,7,1,398,2,371,664,2.2,6.6,30.8,4.12,21,-26.7,2.2,2.1,1080.7,,,,,,
2026-08-25-F2,2026-08-25T21:25:02.327Z,-73,7,1,399,2,369,664,1.1,6.6,30.8,4.12,21,-24.5,1.7,1.1,958.6,,,,,,
2026-08-25-F2,2026-08-25T21:25:02.430Z,-77,7,1,400,2,366,664,2.1,6.6,30.8,4.12,21,-24.5,2.1,1.3,1056.0,,,,,,
2026-08-25-F2,2026-08-25T21:25:02.532Z,-77,7,1,401,2,364,664,2.0,6.6,30.8,4.12,21,-24.7,2.3,2.0,747.8,,,,,,
2026-08-25-F2,2026-08-25T21:25:02.634Z,-83,7,1,402,2,361,664,1.9,6.6,30.8,4.12,22,-25.8,2.2,1.9,350.0,,,,,,
2026-08-25-F2,2026-08-25T21:25:02.737Z,-91,7,1,403,2,359,664,1.7,6.6,30.8,4.12,22,-23.7,1.8,1.7,236.0,,,,,,
2026-08-25-F2,2026-08-25T21:25:02.840Z,-96,7,1,404,2,357,664,1.3,6.6,30.8,4.12,22,-24.3,1.6,1.3,338.0,,,,,,
2026-08-25-F2,2026-08-25T21:25:02.942Z,-91,7,1,405,2,354,664,1.6,6.6,30.8,4.12,22,-24.3,1.6,1.5,437.1,,,,,,
2026-08-25-F2,2026-08-25T21:25:03.025Z,-87,7,1,406,2,352,664,2.0,6.6,30.8,4.12,22,-23.7,2.0,2.0,371.3,,,,,,
2026-08-25-F2,2026-08-25T21:25:03.127Z,-86,7,1,407,2,350,664,1.9,6.6,30.8,4.12,22,-23.5,1.9,1.8,192.2,,,,,,
2026-08-25-F2,2026-08-25T21:25:03.230Z,-86,7,1,408,2,348,664,1.6,6.6,30.8,4.12,22,-21.7,1.8,1.6,118.1,,,,,,
2026-08-25-F2,2026-08-25T21:25:03.332Z,-91,7,1,409,2,345,664,1.3,6.6,30.8,4.12,22,-22.6,1.5,1.3,81.1,,,,,,
2026-08-25-F2,2026-08-25T21:25:03.537Z,-87,7,1,411,2,341,664,2.0,6.6,30.8,4.12,22,-21.4,2.0,1.8,126.8,,,,,,
2026-08-25-F2,2026-08-25T21:25:03.639Z,-80,7,1,412,2,338,664,2.2,6.6,30.8,4.12,23,-24.2,2.2,2.1,461.4,,,,,,
2026-08-25-F2,2026-08-25T21:25:03.742Z,-84,7,1,413,2,335,664,1.4,6.6,30.8,4.12,23,-26.1,1.9,1.4,761.6,,,,,,
2026-08-25-F2,2026-08-25T21:25:03.844Z,-86,7,1,414,2,333,664,1.1,6.6,30.8,4.12,23,-26.1,1.2,1.1,743.9,,,,,,
2026-08-25-F2,2026-08-25T21:25:03.927Z,-79,7,1,415,2,330,664,1.2,6.6,30.8,4.12,23,-26.0,1.2,1.2,378.4,,,,,,
2026-08-25-F2,2026-08-25T21:25:04.034Z,-75,7,1,416,2,327,664,1.2,6.6,30.8,4.12,23,-28.4,1.3,1.2,175.8,,,,,,
2026-08-25-F2,2026-08-25T21:25:04.136Z,-75,7,1,417,2,325,664,1.5,6.6,30.8,4.12,23,-26.2,1.5,1.3,147.7,,,,,,
2026-08-25-F2,2026-08-25T21:25:04.239Z,-74,7,1,418,2,322,664,1.5,6.6,30.8,4.12,23,-25.1,1.6,1.5,130.1,,,,,,
2026-08-25-F2,2026-08-25T21:25:04.341Z,-76,7,1,419,2,320,664,1.5,6.6,30.8,4.12,23,-25.5,1.5,1.4,187.7,,,,,,
2026-08-25-F2,2026-08-25T21:25:04.443Z,-77,7,1,420,2,317,664,1.6,6.6,30.8,4.12,23,-25.7,1.6,1.6,167.3,,,,,,
2026-08-25-F2,2026-08-25T21:25:04.546Z,-78,7,1,421,2,315,664,1.4,6.6,30.8,4.12,23,-23.9,1.4,1.4,454.7,,,,,,
2026-08-25-F2,2026-08-25T21:25:04.628Z,-80,7,1,422,2,312,664,1.1,6.6,30.8,4.12,24,-24.6,1.3,1.1,537.1,,,,,,
2026-08-25-F2,2026-08-25T21:25:04.730Z,-79,7,1,423,2,310,664,1.2,6.6,30.8,4.12,24,-25.7,1.2,1.0,782.6,,,,,,
2026-08-25-F2,2026-08-25T21:25:04.833Z,-75,7,1,424,2,307,664,2.6,6.6,30.8,4.12,24,-24.2,2.6,1.8,827.2,,,,,,
2026-08-25-F2,2026-08-25T21:25:04.936Z,-73,7,1,425,2,305,664,1.5,6.6,30.8,4.12,24,-23.9,2.3,1.5,374.9,,,,,,
2026-08-25-F2,2026-08-25T21:25:05.038Z,-72,7,1,426,2,302,664,1.0,6.6,30.8,4.12,24,-27.4,1.0,1.0,222.7,,,,,,
2026-08-25-F2,2026-08-25T21:25:05.141Z,-72,7,1,427,2,299,664,1.3,6.6,30.7,4.12,24,-28.6,1.3,1.2,399.9,,,,,,
2026-08-25-F2,2026-08-25T21:25:05.243Z,-73,7,1,428,2,296,664,1.8,6.6,30.7,4.12,24,-28.7,1.8,1.7,641.2,,,,,,
2026-08-25-F2,2026-08-25T21:25:05.346Z,-74,7,1,429,2,292,664,1.3,6.6,30.8,4.12,24,-31.3,1.6,1.3,556.2,,,,,,
2026-08-25-F2,2026-08-25T21:25:05.448Z,-75,7,1,430,2,289,664,2.3,6.6,30.8,4.12,24,-31.3,2.3,1.6,420.4,,,,,,
2026-08-25-F2,2026-08-25T21:25:05.530Z,-75,7,1,431,2,287,664,1.6,6.6,30.7,4.12,24,-28.8,2.1,1.6,504.8,,,,,,
2026-08-25-F2,2026-08-25T21:25:05.633Z,-73,7,1,432,2,284,664,1.7,6.6,30.7,4.12,25,-28.8,1.7,1.6,558.0,,,,,,
2026-08-25-F2,2026-08-25T21:25:05.735Z,-72,7,1,433,2,281,664,1.9,6.6,30.7,4.12,25,-30.4,1.9,1.8,492.4,,,,,,
2026-08-25-F2,2026-08-25T21:25:05.838Z,-72,7,1,434,2,277,664,1.7,6.6,30.7,4.12,25,-30.8,1.7,1.7,388.5,,,,,,
2026-08-25-F2,2026-08-25T21:25:05.940Z,-73,7,1,435,2,275,664,1.3,6.6,30.7,4.12,25,-30.1,1.3,1.3,404.7,,,,,,
2026-08-25-F2,2026-08-25T21:25:06.043Z,-76,7,1,436,2,273,664,1.7,6.6,30.7,4.12,25,-26.4,1.7,1.4,703.5,,,,,,
2026-08-25-F2,2026-08-25T21:25:06.145Z,-76,7,1,437,2,270,664,2.1,6.6,30.7,4.12,25,-27.0,2.2,2.1,653.8,,,,,,
2026-08-25-F2,2026-08-25T21:25:06.247Z,-78,7,1,438,2,267,664,1.1,6.6,30.7,4.12,25,-26.2,1.5,1.1,357.3,,,,,,
2026-08-25-F2,2026-08-25T21:25:06.350Z,-79,7,1,439,2,265,664,1.7,6.6,30.7,4.12,25,-26.6,1.7,1.2,359.9,,,,,,
2026-08-25-F2,2026-08-25T21:25:06.432Z,-78,7,1,440,2,262,664,2.0,6.6,30.7,4.12,25,-26.7,2.1,2.0,264.3,,,,,,
2026-08-25-F2,2026-08-25T21:25:06.534Z,-76,7,1,441,2,259,664,1.9,6.6,30.7,4.12,25,-28.9,2.0,1.9,229.1,,,,,,
2026-08-25-F2,2026-08-25T21:25:06.637Z,-74,7,1,442,2,255,664,1.5,6.6,30.7,4.12,26,-30.2,2.3,1.5,445.9,,,,,,
2026-08-25-F2,2026-08-25T21:25:06.739Z,-74,7,1,443,2,252,664,1.5,6.6,30.7,4.12,26,-30.8,1.5,1.4,363.6,,,,,,
2026-08-25-F2,2026-08-25T21:25:06.842Z,-76,7,1,444,2,249,664,1.0,6.6,30.7,4.12,26,-30.7,1.1,1.0,131.1,,,,,,
2026-08-25-F2,2026-08-25T21:25:06.944Z,-79,7,1,445,2,246,664,1.1,6.6,30.7,4.12,26,-29.6,1.1,1.0,447.0,,,,,,
2026-08-25-F2,2026-08-25T21:25:07.047Z,-76,7,1,446,2,244,664,2.9,6.6,30.7,4.12,26,-28.6,2.9,2.5,449.6,,,,,,
2026-08-25-F2,2026-08-25T21:25:07.149Z,-73,7,1,447,2,241,664,2.8,6.6,30.7,4.12,26,-28.7,2.8,2.2,643.9,,,,,,
2026-08-25-F2,2026-08-25T21:25:07.252Z,-71,7,1,448,2,237,664,2.5,6.6,30.7,4.12,26,-30.5,2.5,1.4,1035.8,,,,,,
2026-08-25-F2,2026-08-25T21:25:07.334Z,-75,7,1,449,2,234,664,2.2,6.6,30.7,4.12,26,-30.5,2.7,2.2,1489.7,,,,,,
2026-08-25-F2,2026-08-25T21:25:07.436Z,-76,7,1,450,2,232,664,1.2,6.6,30.7,4.12,26,-29.7,1.3,1.2,1453.1,,,,,,
2026-08-25-F2,2026-08-25T21:25:07.539Z,-75,7,1,451,2,229,664,0.9,6.6,30.7,4.12,26,-27.9,1.0,0.9,997.9,,,,,,
2026-08-25-F2,2026-08-25T21:25:07.641Z,-74,7,1,452,2,227,664,2.0,6.6,30.7,4.12,27,-25.6,2.0,1.7,583.0,,,,,,
2026-08-25-F2,2026-08-25T21:25:07.743Z,-75,7,1,453,2,224,664,1.5,6.6,30.7,4.12,27,-29.2,1.5,1.4,732.5,,,,,,
2026-08-25-F2,2026-08-25T21:25:07.846Z,-75,7,1,454,2,220,664,1.4,6.6,30.7,4.12,27,-31.0,1.8,1.4,733.0,,,,,,
2026-08-25-F2,2026-08-25T21:25:07.948Z,-74,7,1,455,2,217,664,1.2,6.6,30.7,4.12,27,-29.9,1.4,1.2,1094.4,,,,,,
2026-08-25-F2,2026-08-25T21:25:08.051Z,-75,7,1,456,2,214,664,2.7,6.6,30.7,4.12,27,-29.7,2.7,2.3,1175.1,,,,,,
2026-08-25-F2,2026-08-25T21:25:08.153Z,-81,7,1,457,2,212,664,1.1,6.6,30.7,4.12,27,-28.4,1.3,1.1,896.8,,,,,,
2026-08-25-F2,2026-08-25T21:25:08.236Z,-79,7,1,458,2,210,664,3.2,6.6,30.7,4.12,27,-25.9,3.2,2.1,1142.1,,,,,,
2026-08-25-F2,2026-08-25T21:25:08.338Z,-76,7,1,459,2,206,664,2.0,6.6,30.7,4.12,27,-29.0,2.7,2.0,470.8,,,,,,
2026-08-25-F2,2026-08-25T21:25:08.440Z,-78,7,1,460,2,203,664,0.8,6.6,30.7,4.11,27,-31.0,1.4,0.8,255.4,,,,,,
2026-08-25-F2,2026-08-25T21:25:08.543Z,-81,7,1,461,2,201,664,1.6,6.6,30.7,4.12,27,-27.2,1.6,1.0,488.3,,,,,,
2026-08-25-F2,2026-08-25T21:25:08.645Z,-83,7,1,462,2,199,664,2.6,6.6,30.7,4.12,28,-24.9,2.6,2.2,489.2,,,,,,
2026-08-25-F2,2026-08-25T21:25:08.748Z,-82,7,1,463,2,196,664,1.9,6.6,30.7,4.12,28,-26.6,2.0,1.9,398.6,,,,,,
2026-08-25-F2,2026-08-25T21:25:08.850Z,-76,7,1,464,2,193,664,1.8,6.6,30.7,4.12,28,-27.8,2.6,1.8,828.3,,,,,,
2026-08-25-F2,2026-08-25T21:25:08.953Z,-72,7,1,465,2,190,664,2.1,6.6,30.7,4.11,28,-29.1,2.1,1.8,848.8,,,,,,
2026-08-25-F2,2026-08-25T21:25:09.055Z,-72,7,1,466,2,186,664,1.4,6.6,30.7,4.12,28,-30.3,2.2,1.4,1039.3,,,,,,
2026-08-25-F2,2026-08-25T21:25:09.137Z,-74,7,1,467,2,183,664,1.3,6.6,30.7,4.12,28,-30.4,1.3,1.3,823.8,,,,,,
2026-08-25-F2,2026-08-25T21:25:09.240Z,-78,7,1,468,2,181,664,1.7,6.6,30.7,4.12,28,-27.9,1.7,1.3,334.9,,,,,,
2026-08-25-F2,2026-08-25T21:25:09.342Z,-82,7,1,469,2,179,664,2.4,6.6,30.7,4.12,28,-25.3,2.4,2.0,573.8,,,,,,
2026-08-25-F2,2026-08-25T21:25:09.444Z,-76,7,1,470,2,177,664,1.4,6.6,30.7,4.12,28,-23.8,2.1,1.4,777.4,,,,,,
2026-08-25-F2,2026-08-25T21:25:09.547Z,-75,7,1,471,2,174,664,1.4,6.6,30.7,4.12,28,-26.3,1.4,1.4,439.6,,,,,,
2026-08-25-F2,2026-08-25T21:25:09.649Z,-77,7,1,472,2,170,664,1.0,6.6,30.7,4.12,29,-28.5,1.2,1.0,609.2,,,,,,
2026-08-25-F2,2026-08-25T21:25:09.752Z,-74,7,1,473,2,168,664,1.1,6.6,30.7,4.11,29,-28.1,1.1,0.8,990.1,,,,,,
2026-08-25-F2,2026-08-25T21:25:09.854Z,-76,7,1,474,2,165,664,1.7,6.6,30.7,4.12,29,-27.3,1.8,1.7,1022.3,,,,,,
2026-08-25-F2,2026-08-25T21:25:09.957Z,-84,7,1,475,2,163,664,1.3,6.6,30.7,4.12,29,-25.3,1.7,1.3,1275.8,,,,,,
2026-08-25-F2,2026-08-25T21:25:10.039Z,-80,7,1,476,2,160,664,2.0,6.6,30.7,4.12,29,-26.5,2.0,2.0,1271.2,,,,,,
2026-08-25-F2,2026-08-25T21:25:10.141Z,-77,7,1,477,2,158,664,1.5,6.6,30.7,4.12,29,-26.0,1.6,1.5,973.2,,,,,,
2026-08-25-F2,2026-08-25T21:25:10.244Z,-90,7,1,478,2,155,664,1.1,6.6,30.7,4.12,29,-26.9,1.3,1.1,1084.6,,,,,,
2026-08-25-F2,2026-08-25T21:25:10.346Z,-84,7,1,479,2,152,664,2.3,6.6,30.7,4.12,29,-26.8,2.3,1.1,1273.2,,,,,,
2026-08-25-F2,2026-08-25T21:25:10.448Z,-75,7,1,480,2,149,664,2.2,6.6,30.7,4.12,29,-27.9,3.1,2.2,963.5,,,,,,
2026-08-25-F2,2026-08-25T21:25:10.551Z,-72,7,1,481,2,146,664,1.2,6.6,30.7,4.12,29,-29.0,1.5,1.2,379.3,,,,,,
2026-08-25-F2,2026-08-25T21:25:10.637Z,-70,7,1,482,2,143,664,1.1,6.6,30.7,4.12,30,-29.7,1.1,1.1,426.2,,,,,,
2026-08-25-F2,2026-08-25T21:25:10.739Z,-70,7,1,483,2,140,664,1.3,6.6,30.7,4.12,30,-29.1,1.3,1.1,475.9,,,,,,
2026-08-25-F2,2026-08-25T21:25:10.842Z,-70,7,1,484,2,137,664,2.0,6.6,30.6,4.12,30,-28.0,2.0,1.5,611.5,,,,,,
2026-08-25-F2,2026-08-25T21:25:10.944Z,-71,7,1,485,2,135,664,1.9,6.6,30.6,4.12,30,-28.2,1.9,1.7,831.0,,,,,,
2026-08-25-F2,2026-08-25T21:25:11.047Z,-69,7,1,486,2,132,664,1.7,6.6,30.6,4.11,30,-28.5,1.7,1.6,936.7,,,,,,
2026-08-25-F2,2026-08-25T21:25:11.149Z,-69,7,1,487,2,129,664,1.6,6.6,30.6,4.12,30,-27.8,2.0,1.6,871.7,,,,,,
2026-08-25-F2,2026-08-25T21:25:11.252Z,-70,7,1,488,2,126,664,1.6,6.6,30.6,4.12,30,-27.7,1.6,1.5,825.1,,,,,,
2026-08-25-F2,2026-08-25T21:25:11.354Z,-70,7,1,489,2,124,664,2.2,6.6,30.6,4.12,30,-25.3,2.2,2.0,610.0,,,,,,
2026-08-25-F2,2026-08-25T21:25:11.456Z,-70,7,1,490,2,122,664,1.8,6.6,30.6,4.12,30,-25.8,2.8,1.8,216.4,,,,,,
2026-08-25-F2,2026-08-25T21:25:11.539Z,-70,7,1,491,2,119,664,1.4,6.6,30.6,4.12,30,-26.7,1.5,1.4,352.7,,,,,,
2026-08-25-F2,2026-08-25T21:25:11.641Z,-71,7,1,492,2,116,664,1.7,6.6,30.6,4.12,31,-25.6,1.7,1.5,252.0,,,,,,
2026-08-25-F2,2026-08-25T21:25:11.743Z,-70,7,1,493,2,113,664,1.2,6.6,30.6,4.12,31,-26.7,1.5,1.2,833.7,,,,,,
2026-08-25-F2,2026-08-25T21:25:11.846Z,-69,7,1,494,2,111,664,1.5,6.6,30.6,4.12,31,-26.6,1.5,1.0,1106.5,,,,,,
2026-08-25-F2,2026-08-25T21:25:11.948Z,-71,7,1,495,2,109,664,1.2,6.6,30.6,4.12,31,-25.3,1.9,1.2,1558.6,,,,,,
2026-08-25-F2,2026-08-25T21:25:12.051Z,-72,7,1,496,2,106,664,2.7,6.6,30.6,4.12,31,-26.8,2.7,2.7,1558.0,,,,,,
2026-08-25-F2,2026-08-25T21:25:12.153Z,-74,7,1,497,2,103,664,1.8,6.6,30.6,4.12,31,-26.9,1.9,1.8,953.3,,,,,,
2026-08-25-F2,2026-08-25T21:25:12.256Z,-75,7,1,498,2,101,664,2.4,6.6,30.6,4.12,31,-24.3,2.4,2.0,820.9,,,,,,
2026-08-25-F2,2026-08-25T21:25:12.358Z,-76,7,1,499,2,98,664,2.5,6.6,30.6,4.12,31,-24.9,2.6,2.5,239.1,,,,,,
2026-08-25-F2,2026-08-25T21:25:12.440Z,-75,7,1,500,2,96,664,1.8,6.6,30.6,4.12,31,-25.5,1.9,1.8,750.7,,,,,,
2026-08-25-F2,2026-08-25T21:25:12.543Z,-74,7,1,501,2,93,664,1.9,6.6,30.6,4.12,31,-25.2,1.9,1.5,922.7,,,,,,
2026-08-25-F2,2026-08-25T21:25:12.645Z,-71,7,1,502,2,91,664,1.5,6.6,30.6,4.12,32,-23.3,2.4,1.5,1246.3,,,,,,
2026-08-25-F2,2026-08-25T21:25:12.747Z,-71,7,1,503,2,89,664,1.3,6.6,30.6,4.12,32,-24.5,1.3,1.3,1080.0,,,,,,
2026-08-25-F2,2026-08-25T21:25:12.850Z,-73,7,1,504,2,86,664,1.4,6.6,30.6,4.12,32,-26.2,1.4,1.3,597.4,,,,,,
2026-08-25-F2,2026-08-25T21:25:12.952Z,-75,7,1,505,2,83,664,1.5,6.6,30.6,4.12,32,-26.2,1.5,1.4,484.7,,,,,,
2026-08-25-F2,2026-08-25T21:25:13.055Z,-75,7,1,506,2,80,664,1.5,6.6,30.6,4.12,32,-27.2,1.5,1.4,451.8,,,,,,
2026-08-25-F2,2026-08-25T21:25:13.157Z,-73,7,1,507,2,78,664,1.7,6.6,30.6,4.12,32,-26.1,1.7,1.7,371.5,,,,,,
2026-08-25-F2,2026-08-25T21:25:13.240Z,-72,7,1,508,2,75,664,1.9,6.6,30.6,4.12,32,-25.9,2.0,1.9,339.6,,,,,,
2026-08-25-F2,2026-08-25T21:25:13.342Z,-70,7,1,509,2,72,664,1.6,6.6,30.6,4.12,32,-27.8,1.6,1.6,451.0,,,,,,
2026-08-25-F2,2026-08-25T21:25:13.444Z,-70,7,1,510,2,69,664,1.3,6.6,30.6,4.12,32,-27.2,1.4,1.3,554.5,,,,,,
2026-08-25-F2,2026-08-25T21:25:13.546Z,-71,7,1,511,2,67,664,1.4,6.6,30.6,4.12,32,-27.0,1.4,1.1,512.4,,,,,,
2026-08-25-F2,2026-08-25T21:25:13.649Z,-72,7,1,512,2,64,664,1.8,6.6,30.6,4.12,33,-26.5,1.8,1.6,253.3,,,,,,
2026-08-25-F2,2026-08-25T21:25:13.751Z,-73,7,1,513,2,62,664,2.2,6.6,30.6,4.12,33,-25.9,2.4,2.2,553.3,,,,,,
2026-08-25-F2,2026-08-25T21:25:13.854Z,-72,7,1,514,2,59,664,1.1,6.6,30.6,4.12,33,-26.3,1.4,1.1,743.1,,,,,,
2026-08-25-F2,2026-08-25T21:25:13.956Z,-70,7,1,515,2,56,664,1.7,6.6,30.6,4.12,33,-27.6,1.7,1.2,713.2,,,,,,
2026-08-25-F2,2026-08-25T21:25:14.059Z,-70,7,1,516,2,53,664,1.8,6.6,30.6,4.12,33,-29.1,1.8,1.8,571.4,,,,,,
2026-08-25-F2,2026-08-25T21:25:14.141Z,-70,7,1,517,2,50,664,2.1,6.6,30.6,4.12,33,-27.7,2.1,1.8,491.1,,,,,,
2026-08-25-F2,2026-08-25T21:25:14.243Z,-70,7,1,518,2,47,664,1.6,6.6,30.6,4.12,33,-28.8,1.8,1.6,522.0,,,,,,
2026-08-25-F2,2026-08-25T21:25:14.346Z,-72,7,1,519,2,44,664,1.2,6.6,30.6,4.12,33,-29.1,1.6,1.2,390.4,,,,,,
2026-08-25-F2,2026-08-25T21:25:14.448Z,-75,7,1,520,2,42,664,2.1,6.6,30.6,4.12,33,-26.6,2.1,1.3,328.5,,,,,,
2026-08-25-F2,2026-08-25T21:25:14.550Z,-76,7,1,521,2,40,664,2.5,6.6,30.6,4.11,33,-23.5,2.6,2.5,788.4,,,,,,
2026-08-25-F2,2026-08-25T21:25:14.653Z,-73,7,1,522,2,37,664,1.1,6.6,30.6,4.12,34,-24.7,1.7,1.1,989.4,,,,,,
2026-08-25-F2,2026-08-25T21:25:14.755Z,-73,7,1,523,2,35,664,1.5,6.6,30.6,4.12,34,-25.7,1.5,0.9,921.5,,,,,,
2026-08-25-F2,2026-08-25T21:25:14.858Z,-72,7,1,524,2,32,664,1.4,6.6,30.6,4.12,34,-27.6,1.4,1.2,532.6,,,,,,
2026-08-25-F2,2026-08-25T21:25:14.960Z,-71,7,1,525,2,28,664,1.7,6.6,30.6,4.12,34,-28.8,1.7,1.4,225.1,,,,,,
2026-08-25-F2,2026-08-25T21:25:15.042Z,-72,7,1,526,2,25,664,1.6,6.6,30.6,4.12,34,-30.3,1.7,1.6,211.0,,,,,,
2026-08-25-F2,2026-08-25T21:25:15.144Z,-73,7,1,527,2,22,664,1.4,6.6,30.6,4.12,34,-31.3,1.5,1.4,226.0,,,,,,
2026-08-25-F2,2026-08-25T21:25:15.247Z,-73,7,1,528,2,19,664,2.0,6.6,30.6,4.12,34,-28.4,2.0,1.5,170.3,,,,,,
2026-08-25-F2,2026-08-25T21:25:15.349Z,-74,7,1,529,2,17,664,2.2,6.6,30.6,4.12,34,-28.2,2.2,2.1,384.2,,,,,,
2026-08-25-F2,2026-08-25T21:25:15.452Z,-75,7,1,530,2,14,664,1.7,6.6,30.6,4.12,34,-28.6,1.9,1.7,459.6,,,,,,
2026-08-25-F2,2026-08-25T21:25:15.554Z,-75,7,1,531,2,11,664,1.2,6.6,30.6,4.12,34,-28.5,1.5,1.2,200.5,,,,,,
2026-08-25-F2,2026-08-25T21:25:15.656Z,-76,7,1,532,2,8,664,1.4,6.6,30.6,4.12,35,-27.6,1.4,1.1,150.1,,,,,,
2026-08-25-F2,2026-08-25T21:25:15.758Z,-76,7,1,533,2,6,664,2.8,6.6,30.6,4.12,35,-25.4,2.8,2.4,307.7,,,,,,
2026-08-25-F2,2026-08-25T21:25:15.861Z,-75,7,1,534,2,3,664,2.0,6.6,30.6,4.12,35,-27.0,2.0,1.9,605.1,,,,,,
2026-08-25-F2,2026-08-25T21:25:15.943Z,-75,7,1,535,2,0,664,1.7,6.6,30.6,4.12,35,-27.8,1.8,1.7,595.3,,,,,,
2026-08-25-F2,2026-08-25T21:25:16.046Z,-76,7,1,536,2,-2,664,1.9,6.6,30.6,4.12,35,-26.6,2.1,1.9,844.9,,,,,,
2026-08-25-F2,2026-08-25T21:25:16.148Z,-80,7,1,537,2,-5,664,1.3,6.6,30.6,4.12,35,-25.6,1.3,1.3,985.0,,,,,,
2026-08-25-F2,2026-08-25T21:25:16.251Z,-80,7,1,538,2,-6,664,2.7,6.6,30.6,4.12,35,-23.0,2.7,1.6,1100.3,,,,,,
2026-08-25-F2,2026-08-25T21:25:16.353Z,-79,7,1,539,2,-9,664,1.3,6.6,30.6,4.12,35,-22.7,2.2,1.3,1326.5,,,,,,
2026-08-25-F2,2026-08-25T21:25:16.455Z,-81,7,1,540,2,-11,664,1.6,6.6,30.6,4.12,35,-24.5,1.6,1.5,795.7,,,,,,
2026-08-25-F2,2026-08-25T21:25:16.558Z,-82,7,1,541,2,-14,664,1.4,6.6,30.6,4.12,35,-26.4,1.6,1.4,436.2,,,,,,
2026-08-25-F2,2026-08-25T21:25:16.660Z,-83,7,1,542,2,-17,664,1.5,6.6,30.6,4.12,36,-27.5,1.6,1.5,361.7,,,,,,
2026-08-25-F2,2026-08-25T21:25:16.742Z,-83,7,1,543,2,-20,664,1.5,6.6,30.6,4.12,36,-26.9,1.5,1.4,195.9,,,,,,
2026-08-25-F2,2026-08-25T21:25:16.845Z,-84,7,1,544,2,-22,664,2.6,6.6,30.5,4.12,36,-23.5,2.6,1.9,355.3,,,,,,
2026-08-25-F2,2026-08-25T21:25:16.947Z,-82,7,1,545,2,-24,664,2.3,6.6,30.5,4.12,36,-23.0,2.9,2.3,928.4,,,,,,
2026-08-25-F2,2026-08-25T21:25:17.049Z,-81,7,1,546,2,-27,664,1.3,6.6,30.5,4.12,36,-25.3,1.4,1.3,1007.4,,,,,,
2026-08-25-F2,2026-08-25T21:25:17.152Z,-82,7,1,547,2,-30,664,1.6,6.6,30.5,4.12,36,-28.3,1.6,1.4,760.4,,,,,,
2026-08-25-F2,2026-08-25T21:25:17.259Z,-85,7,1,548,2,-33,664,1.4,6.6,30.5,4.12,36,-26.7,1.5,1.4,747.7,,,,,,
2026-08-25-F2,2026-08-25T21:25:17.361Z,-85,7,1,549,2,-35,664,1.4,6.6,30.5,4.12,36,-24.6,1.5,1.4,675.3,,,,,,
2026-08-25-F2,2026-08-25T21:25:17.443Z,-85,7,1,550,2,-37,664,1.6,6.6,30.5,4.12,36,-23.6,1.6,1.5,510.4,,,,,,
2026-08-25-F2,2026-08-25T21:25:17.545Z,-85,7,1,551,2,-39,664,1.6,6.6,30.5,4.12,36,-24.7,1.6,1.6,407.7,,,,,,
2026-08-25-F2,2026-08-25T21:25:17.648Z,-82,7,1,552,2,-42,664,2.0,6.6,30.5,4.12,37,-26.9,2.0,1.9,252.9,,,,,,
2026-08-25-F2,2026-08-25T21:25:17.750Z,-80,7,1,553,2,-45,664,1.5,6.6,30.5,4.12,37,-27.9,1.6,1.5,297.0,,,,,,
2026-08-25-F2,2026-08-25T21:25:17.853Z,-80,7,1,554,2,-48,664,1.1,6.6,30.5,4.12,37,-27.4,1.5,1.1,332.5,,,,,,
2026-08-25-F2,2026-08-25T21:25:17.955Z,-81,7,1,555,2,-50,664,0.9,6.6,30.5,4.12,37,-26.0,1.0,0.9,621.1,,,,,,
2026-08-25-F2,2026-08-25T21:25:18.058Z,-82,7,1,556,2,-53,664,2.6,6.6,30.5,4.12,37,-25.7,2.6,1.4,667.7,,,,,,
2026-08-25-F2,2026-08-25T21:25:18.160Z,-85,7,1,557,2,-56,664,2.1,6.6,30.5,4.12,37,-26.1,2.9,2.1,221.7,,,,,,
2026-08-25-F2,2026-08-25T21:25:18.263Z,-91,7,1,558,2,-58,664,1.4,6.6,30.5,4.12,37,-25.7,1.6,1.4,220.2,,,,,,
2026-08-25-F2,2026-08-25T21:25:18.345Z,-96,7,1,559,2,-61,664,3.4,6.6,30.5,4.12,37,-26.6,3.4,1.2,226.6,,,,,,
